BIRMINGHAM                 ,AL,53.8,58.4,66.7,74.4,81.5,87.7,90.8,90.6,85.1,75.3,65.4,55.9,73.9
HUNTSVILLE                 ,AL,51.2,55.9,64.9,73.6,81.3,88.2,90.7,90.9,85,74.6,63.7,53.5,72.9
MOBILE                     ,AL,60.8,64.4,71.2,77.5,84.5,89.2,91,90.7,87,79.2,70.6,62.7,77.5
MONTGOMERY                 ,AL,57.4,61.8,69.7,76.6,84,89.8,92.1,91.9,87.3,78.3,69,59.6,76.5
ANCHORAGE                  ,AK,23.1,26.6,33.9,44.5,56,62.8,65.4,63.5,55.1,40.5,27.8,24.8,43.7
ANNETTE                    ,AK,41.6,42.7,44.9,50.2,56.3,61.1,64.3,64.7,59.3,51.6,44.6,41.5,51.9
BARROW                     ,AK,-7.3,-8,-6.1,8.5,25.8,40.5,46.9,43.9,35.8,21.8,6.2,-1.8,17.3
BETHEL                     ,AK,12.4,17.7,22.6,34.5,50.5,61.1,63.4,60,52.2,35.8,23.2,16.8,37.6
BETTLES                    ,AK,-2.2,4.5,16.7,34.3,54.6,69.3,69.8,62.1,48.9,25.6,6,1.9,32.8
BIG DELTA                  ,AK,5.7,13,24.4,42.3,57.5,67.2,69.2,63.7,52.3,30.7,12.9,8.6,37.4
COLD BAY                   ,AK,32.9,33.7,35.1,39,45.6,51.2,55.3,56.5,52.9,45.5,39.1,35.6,43.6
FAIRBANKS                  ,AK,1.1,10,25.4,44.5,61,71.6,72.7,65.9,54.6,31.9,10.9,4.8,38
GULKANA                    ,AK,5,15.5,28.2,43.3,57,66.4,68.6,64.7,53.6,34.7,13.6,8.3,38.3
HOMER                      ,AK,30.8,32.7,36.6,44.1,51.8,57.8,61.2,60.9,55,44.6,35.5,33,45.4
JUNEAU                     ,AK,32.8,35.2,39.6,48.4,56.6,62.2,63.9,62.7,55.7,47,37.8,34.1,48.1
KING SALMON                ,AK,23.6,26.8,32.7,42.4,53.8,61,63.8,62.6,55.5,41.3,30.5,26.4,43.4
KODIAK                     ,AK,35,35.5,37.9,42.9,49.9,54.8,59.8,61.3,55.6,46.4,39.1,36.1,46.3
KOTZEBUE                   ,AK,3.9,6.3,8.8,21.2,37.8,51.5,59.5,56.1,46.7,28.5,14.2,8.7,28.7
MCGRATH                    ,AK,2.3,12.4,24.8,40.8,57.3,68.1,69.3,63.4,53.1,31.9,13.2,5.4,36.9
NOME                       ,AK,13.1,15.4,18.5,27.5,43.1,54.9,58.2,55.9,48.7,34.5,23.1,16.8,34.2
ST. PAUL ISLAND            ,AK,29.1,28.5,29.3,33.4,40.4,46.8,50.8,52.1,49.6,42.8,36.9,33,39.4
TALKEETNA                  ,AK,22.2,27.6,35.6,46.1,58.5,67,68.5,65.2,55.8,40.6,26.8,23.7,44.9
VALDEZ                     ,AK,28.2,31.1,36.4,45,54.5,60.7,62.3,60.9,53.6,43.5,32.7,30.4,45
YAKUTAT                    ,AK,33.8,36.3,39.4,45.7,52.3,57.3,60.1,60.5,55.6,47.4,38.4,35,46.9
FLAGSTAFF                  ,AZ,42.5,44.8,50.4,58.2,68.1,77.9,81.2,78.4,72.9,62,50.5,42.5,60.9
PHOENIX                    ,AZ,67.2,70.7,76.9,85.2,94.8,103.9,106.1,104.4,99.8,88.5,75.5,66,86.7
TUCSON                     ,AZ,65.5,68.5,74.1,82.1,91.6,100.3,99.7,97.4,94.5,84.8,73.5,64.8,83.1
WINSLOW                    ,AZ,49.5,55.8,63.6,71.8,81.7,91.6,94.5,91.2,85.2,73.4,60.1,48.6,72.3
FORT SMITH                 ,AR,49.9,55.4,64.7,73.7,80.5,88.1,93,93.4,85.4,74.8,62.8,51.5,72.8
LITTLE ROCK                ,AR,50.5,55.1,64,73.1,81.1,88.9,92.5,92.6,85.6,74.8,63,52.3,72.9
BAKERSFIELD                ,CA,56.2,62.8,68.7,75,83.5,90.9,97.1,95.8,90,79.4,65.7,56.6,76.9
BISHOP                     ,CA,54,57.9,65.5,72.7,82.4,92,98.4,96.3,88.2,76.1,62.6,53.3,75
BLUE CANYON                ,CA,45.2,44.4,47,52,60.8,69.1,76.9,76.6,71.6,61.4,49.7,43.8,58.3
FRESNO                     ,CA,54.8,61.6,67.6,74.6,84.1,92,98.4,97.1,90.9,79.5,65.1,54.9,76.8
LONG BEACH                 ,CA,67.4,67.2,68.6,71.7,73.6,76.7,81.9,83.8,82.1,77.2,72.1,66.8,74.1
LOS ANGELES                ,CA,68.2,68.6,70.2,72.7,74.5,78.1,83.1,84.4,83.1,78.5,72.8,67.7,75.2
REDDING                    ,CA,55,59.7,64.5,70.5,80.8,90.2,98.4,96.6,90.4,77.8,62.5,54.5,75.2
SACRAMENTO                 ,CA,53.8,60.3,65.1,71.1,79.9,87.1,92.1,91.2,87.2,77.6,63.8,53.9,73.6
SAN DIEGO                  ,CA,65.1,65,65.6,67.5,68.5,70.8,74.6,76.4,75.9,72.8,69,64.7,69.7
SAN FRANCISCO              ,CA,56.9,60.2,61.8,63.1,64.3,66.4,66.5,68.1,70.2,69.2,63.1,57.1,63.9
SANTA BARBARA              ,CA,63.5,63.7,65.2,67.3,69,70.7,73.3,74.4,74.2,72,68.3,63.6,68.8
SANTA MARIA                ,CA,63.4,64,65.1,67.2,68.5,70.4,72.6,73.1,73.7,73,68.5,63.4,68.6
STOCKTON                   ,CA,53.9,60.7,66.3,72.6,81.1,88.1,93.4,92.2,87.9,77.9,64.1,53.9,74.4
ALAMOSA                    ,CO,34.3,39.9,50.1,59.3,69.1,78.6,82.3,79.5,73,61.7,46.9,35.2,59.2
COLORADO SPRINGS           ,CO,43.2,44.8,52.1,59.8,69.1,79,84.8,81.6,74.5,63,51,42.1,62.2
DENVER                     ,CO,44,46.2,54.4,61.5,71.5,82.4,89.4,87.2,78.5,65.3,52.1,42.8,64.7
GRAND JUNCTION             ,CO,37.7,45.4,56.5,65.3,76.1,87.6,93.2,89.7,80.1,66.2,50.4,38.5,65.6
PUEBLO                     ,CO,47,50.5,59.1,67.2,76.8,87.2,92.9,89.4,81.6,69.4,56.1,46,68.7
BRIDGEPORT                 ,CT,37.1,39.7,47.2,57.7,67.6,77,82.2,80.9,74,63.3,53.1,42.3,60.3
HARTFORD                   ,CT,34.5,38.5,47.7,60.5,71.2,79.6,84.5,82.7,74.9,63.1,51.6,39.7,60.8
WILMINGTON                 ,DE,40.2,43.5,52.4,63.5,73,81.8,86.1,84.2,77.4,66.2,55.7,44.6,64.1
WASHINGTON DULLES          ,DC,42.5,46.4,55.5,66.7,75.1,83.8,87.9,86.6,79.4,68.2,57.5,46,66.4
WASHINGTON NAT'L           ,DC,43.4,47.1,55.9,66.6,75.4,84.2,88.4,86.5,79.5,68.4,57.9,46.8,66.8
DAYTONA BEACH              ,FL,68.4,70.7,74.5,79.2,84.7,88.4,90.2,89.6,86.9,82,76,70.4,80.1
FORT MYERS                 ,FL,74.7,77.2,80.4,84.6,89.4,91.5,91.9,91.8,90.5,86.7,81.3,76.6,84.7
GAINESVILLE                ,FL,66.2,69.6,74.6,80.3,86.9,90,90.9,90.2,87.4,81.3,74.4,67.9,80
JACKSONVILLE               ,FL,64.8,68.2,73.7,79.2,85.5,89.9,92,90.9,86.9,80.4,73.5,66.6,79.3
KEY WEST                   ,FL,74.3,76,78.2,81.3,85,87.8,89.3,89.4,87.9,84.5,79.9,76,82.5
MIAMI                      ,FL,76.4,78.1,80.3,83.2,87,89.5,90.9,91,89.3,86.2,81.7,77.9,84.3
ORLANDO                    ,FL,71.2,73.9,78,82.5,88.1,90.7,91.8,91.6,89.5,84.6,78.4,72.8,82.8
PENSACOLA                  ,FL,60.5,63.8,69.6,75.7,83.2,88.5,89.9,89.4,86.5,78.9,70.3,62.6,76.6
TALLAHASSEE                ,FL,63.5,67.5,73.8,79.9,87,91,92.1,91.5,88.4,81.4,73,65.3,79.6
TAMPA                      ,FL,69.9,72.5,76.3,81,87.2,89.6,90.1,90.2,88.9,84.3,78,72,81.7
VERO BEACH                 ,FL,72.4,74.5,77.2,80.5,84.8,88.3,90,89.8,88,84.2,78.9,74.2,81.9
WEST PALM BEACH            ,FL,74.6,76.5,78.7,81.7,85.7,88.4,89.9,90.1,88.3,84.9,80.1,76.2,83
ATHENS                     ,GA,53.9,58.2,66.2,74,81.8,88.7,91.4,89.9,84,74.4,65.2,55.7,73.7
ATLANTA                    ,GA,52.3,56.6,64.6,72.5,79.9,86.4,89.1,88.1,82.2,72.7,63.6,54,71.9
AUGUSTA                    ,GA,57.9,62.3,69.9,77.3,85,91,93.4,91.8,86.7,77.7,69.1,60,76.9
COLUMBUS                   ,GA,57.5,62,69.5,76.7,84,90,92.2,91.4,86.4,77.3,68.4,59.3,76.3
MACON                      ,GA,57.8,62.1,69.5,76.8,84.6,90.3,92.6,91.4,86.1,77.4,68.8,59.6,76.5
SAVANNAH                   ,GA,60.4,64.3,70.9,77.6,84.6,89.9,92.4,90.6,86,78.4,70.6,62.5,77.4
HILO                       ,HI,79,78.8,79,78.9,80.6,82.2,82.8,83.2,83.3,82.6,80.8,79.4,80.9
HONOLULU                   ,HI,80.1,80.2,81.2,82.7,84.6,87,87.9,88.7,88.6,86.7,83.9,81.2,84.4
KAHULUI                    ,HI,80.6,80.7,81.4,82.4,84.4,86.3,87.2,88,88,86.8,84.1,81.6,84.3
LIHUE                      ,HI,78,77.8,78.4,79.2,81.2,83.3,84.2,84.7,84.8,83.4,80.8,78.8,81.2
BOISE                      ,ID,37.8,44.7,54.6,62.3,71.6,81.3,91.2,89.7,78.8,64.8,48.2,37.5,63.6
LEWISTON                   ,ID,41.6,46.5,54.9,62.3,70.9,78.5,89.3,88.8,78.2,62.6,48.2,39.5,63.5
POCATELLO                  ,ID,32.6,37.5,48.8,58.3,67.8,77.8,87.8,87.1,75.8,61,44.5,32.8,59.4
CHICAGO                    ,IL,31,35.3,46.6,59,70,79.7,84.1,81.9,74.8,62.3,48.2,34.8,59.1
MOLINE                     ,IL,31,35.7,48.8,62.3,72.9,82.3,85.8,83.8,76.8,64.1,49.2,34.6,60.7
PEORIA                     ,IL,32.8,37.7,50.3,63,73.2,82.2,85.6,83.8,77,64.5,50.3,36.1,61.5
ROCKFORD                   ,IL,29.5,34.2,46.9,60.7,71.8,81.1,84.5,82.4,75.4,62.7,47.6,33.2,59.3
SPRINGFIELD                ,IL,34.8,39.9,52.1,64.6,74.8,83.1,86.2,84.9,78.9,66.4,52.3,38.3,63.1
EVANSVILLE                 ,IN,41,46,56.7,67.7,76.9,85.6,88.5,88,81.3,69.8,56.5,44.1,66.9
FORT WAYNE                 ,IN,32.4,36.3,48,61.1,71.7,80.9,84.4,82.2,76,63.4,49.9,36.2,60.3
INDIANAPOLIS               ,IN,35.6,40.2,51.7,63.4,72.8,81.9,85,84,77.6,65.3,52.2,38.9,62.5
SOUTH BEND                 ,IN,31.3,35.1,46.5,59.5,70,79.4,82.9,80.9,74,61.7,48.2,35.2,58.8
DES MOINES                 ,IA,31,36.1,49,62.3,72.4,81.6,85.7,83.8,76.1,63.1,47.9,34,60.4
DUBUQUE                    ,IA,26.7,31.6,44.2,58.5,69.1,78.5,81.9,79.8,72.4,60,44.8,30.2,56.6
SIOUX CITY                 ,IA,30.5,34.9,47.5,62.3,73,82.1,85.5,83.3,76.2,63.3,46.4,32.1,59.9
WATERLOO                   ,IA,27.4,32.2,45.6,60.6,72,81.2,84.4,82.2,75.3,61.9,45.9,30.8,58.4
CONCORDIA                  ,KS,38.6,43.3,54.6,65,74.2,84.9,90.7,88.6,80,67.1,52.2,39.5,65
DODGE CITY                 ,KS,44.2,48.4,57.8,67.5,76.9,86.7,92.8,90.8,82.4,69.7,55.9,44.3,68.2
GOODLAND                   ,KS,42.4,45.3,54.6,63.6,73,83.9,90,87.5,79.1,66.2,52.4,42.5,65.1
TOPEKA                     ,KS,39.9,45,56.4,66.7,75.9,84.7,89.5,88.6,80.4,68.4,54.6,41.7,66.1
WICHITA                    ,KS,42.5,48.2,57.9,67.7,76.7,86.7,92.3,91.2,82.5,69.7,56.2,43.5,68
JACKSON                    ,KY,43.1,47.7,57.5,68,74.6,81.6,84.6,84.1,78,68.1,57.3,46,66
LEXINGTON                  ,KY,40.9,45.6,55.4,65.8,74.4,82.9,86.1,85.6,78.8,67.5,55.4,43.9,65.3
LOUISVILLE                 ,KY,43,47.8,57.9,68.8,77.1,85.3,88.7,88.3,81.5,70.1,57.9,45.8,67.8
PADUCAH                    ,KY,43.4,48.9,59,69.4,78,86.2,89.3,89,82.1,71,58.4,46.3,68.5
BATON ROUGE                ,LA,62.3,65.7,72.7,79.3,86.2,90.9,92.2,92.5,88.7,80.8,71.9,64.1,79
LAKE CHARLES               ,LA,61.4,64.6,71.4,77.9,84.6,89.3,91.1,91.9,88.2,80.8,71.6,63.5,78.1
NEW ORLEANS                ,LA,62.1,65.4,71.8,78.2,85.2,89.5,91.2,91.2,87.5,80,71.8,64.4,78.2
SHREVEPORT                 ,LA,57.3,61.5,69.5,76.9,83.8,90.1,93.4,94.1,88.2,78.2,67.5,58.5,76.7
CARIBOU                    ,ME,19.5,23.9,33.9,47.8,62.5,71.5,76,74.3,65.4,52,38.3,26.2,49.4
PORTLAND                   ,ME,31.2,34.6,42.1,53.3,63.5,73.2,78.8,77.7,70,58.7,48,37.3,55.8
BALTIMORE                  ,MD,41.4,44.9,53.6,64.6,73.9,83,87.2,85.1,77.9,66.8,56.4,45.3,65.1
BOSTON                     ,MA,35.8,38.7,45.4,55.6,66,75.9,81.4,79.6,72.4,61.4,51.5,41.2,58.8
WORCESTER                  ,MA,31.3,34.6,42.9,55.1,65.9,74.1,78.9,77.3,69.6,58.3,47.6,36.3,56.1
ALPENA                     ,MI,26.8,29.3,38.3,52.3,64.5,74.5,79.4,77,68.9,55.9,43.1,31.7,53.6
DETROIT                    ,MI,32,35.2,45.8,59.1,69.9,79.3,83.4,81.4,74,61.6,48.8,36.1,59
FLINT                      ,MI,29.6,32.8,43.5,57.3,68.5,77.9,81.9,79.7,72.3,59.6,46.7,34.1,57.1
GRAND RAPIDS               ,MI,30.7,33.7,44.4,58.2,69.5,79,82.8,80.6,73,60.3,47.3,34.8,58
HOUGHTON LAKE              ,MI,26.2,29.4,39.7,54.1,66.3,75.5,79.7,77.1,68.9,55.7,42.3,30.5,53.9
LANSING                    ,MI,30.1,33.3,44.1,57.8,68.8,78.4,82.4,80.1,72.7,59.9,46.7,34.3,57.5
MUSKEGON                   ,MI,30.8,33.2,43,55.9,66.9,76,80.4,78.8,71.3,58.8,46.4,35.1,56.5
SAULT STE. MARIE           ,MI,23,25.9,34.7,49.4,62.7,71.3,76.2,74.7,66.5,53.3,40.1,28.6,50.6
DULUTH                     ,MN,18.9,24,34.4,49.2,62.2,70.8,76.3,74.3,65,51.5,35.6,22.3,48.8
INTERNATIONAL FALLS        ,MN,15.4,22,34.7,51.5,64.8,73.2,77.8,75.9,65.4,51.1,33.7,19,48.8
MINNEAPOLIS-ST.PAUL        ,MN,23.7,28.9,41.3,57.8,69.4,78.8,83.4,80.5,71.7,58,41.2,27.1,55.3
ROCHESTER                  ,MN,23.6,28.1,40.5,57,68.7,78,81.4,78.9,71.4,58.4,41.6,27.1,54.7
SAINT CLOUD                ,MN,21.4,26.8,39,56.3,68.8,77.5,82.3,79.6,70.3,56.6,39,24.7,53.7
JACKSON                    ,MS,56.1,60.5,68.5,75.9,83.1,89.5,91.6,91.6,86.7,77.2,67.4,58.2,75.6
MERIDIAN                   ,MS,56.5,61,69,76.2,83.2,89.2,91.8,91.5,86.8,77.3,67.7,58.8,75.8
TUPELO                     ,MS,51.7,56.6,65.5,74.1,81.8,88.7,91.7,91.5,85.5,75.3,64.1,53.8,73.4
COLUMBIA                   ,MO,38.5,43.9,55.2,66.1,74.5,83,87.6,87,78.8,67.1,53.9,41.1,64.8
KANSAS CITY                ,MO,38,43.3,55.1,65.7,74.8,83.5,88.3,87.4,79,66.9,53.2,40.3,64.7
ST. LOUIS                  ,MO,39.9,45,55.9,67.4,76.3,85.1,89.1,87.9,80.2,68.5,55.5,42.5,66.2
SPRINGFIELD                ,MO,42.9,48.2,57.5,67.2,75.3,83.8,88.8,89,80.3,69,56.7,44.9,67.1
BILLINGS                   ,MT,36.4,40.2,48.6,57.6,67.5,77.2,86.8,85.7,73.1,59.4,45.3,35.2,59.5
GLASGOW                    ,MT,23.4,29.1,42.4,57.8,67.8,76.7,85.1,84.4,71.8,57,39.7,26,55.2
GREAT FALLS                ,MT,35.5,38.3,45.9,55.6,64.8,73.3,83.4,82.3,70.3,57.7,43.3,34.6,57.2
HAVRE                      ,MT,28.8,33.6,44.6,58,67.5,75.8,84.9,84,71.4,58.2,41.6,30.2,56.7
HELENA                     ,MT,33.3,38.6,48.2,57.8,67.1,75.7,85.7,84.5,72.6,58.7,43.1,31.7,58.2
KALISPELL                  ,MT,31.2,36,45.6,56.1,65.1,72,81.4,81.4,69.9,54.9,39.6,29.7,55.3
MISSOULA                   ,MT,33.2,38.8,49.8,58.5,67.3,75.2,85.9,84.9,73.1,57.8,41.5,31,58.2
GRAND ISLAND               ,NE,35.8,39.8,51.1,63.2,72.7,83.2,87.7,85.4,78,64.8,49.4,36.9,62.4
LINCOLN                    ,NE,35.4,40.1,52.3,64.3,74.2,84.2,89,86.8,78.7,65.8,50.3,37.2,63.3
NORFOLK                    ,NE,33,37,48.6,61.9,72.3,81.8,86.4,84.2,76.5,63.5,47.1,34.1,60.6
NORTH PLATTE               ,NE,38.9,43,52.5,62.2,71.7,81.8,88.2,86.1,77.8,64.5,50.2,39.1,63.1
OMAHA                      ,NE,33.4,38.1,50.9,63.7,73.8,83.2,87.3,85.1,77.6,64.7,48.9,35.3,61.9
SCOTTSBLUFF                ,NE,40.8,44.4,52.7,61.4,71.6,82.1,89.8,87.7,77.9,64.1,50.2,39.6,63.6
VALENTINE                  ,NE,36.5,40,49.3,60.3,70.9,81.1,88.7,87,77.3,63,47.7,36.6,61.6
ELKO                       ,NV,36.3,41.4,51.6,59.4,69.2,80,90.3,88.5,78.5,64.5,48.2,37.2,62.2
ELY                        ,NV,39.5,42.5,50.2,57.8,67.8,79,87.6,85.3,75.8,62.5,48.6,39.5,61.4
LAS VEGAS                  ,NV,58,62.5,70.3,78.3,88.9,98.7,104.2,102,94,80.6,66.3,56.6,80.1
RENO                       ,NV,45.7,51,57.9,63.9,73.5,83.3,92.2,90.6,82,69.2,55,45.6,67.6
WINNEMUCCA                 ,NV,41.6,47.5,55.7,62.5,72.2,82.9,93.2,91.3,80.9,66.9,51.4,41.3,65.7
CONCORD                    ,NH,30.8,34.9,43.8,57.4,68.9,77.4,82.3,80.9,72.6,60.5,48.4,36.3,58
MT. WASHINGTON             ,NH,13.6,14.7,20.7,30.4,41.3,50.4,54.1,53.3,47.1,36.4,28.1,18.4,34.1
ATLANTIC CITY              ,NJ,41.5,44.3,51.8,61.7,71.3,80.6,85.5,83.7,77,66.6,56.3,46,63.9
NEWARK                     ,NJ,38.8,42.3,50.7,62,72.1,81.5,86,84.1,76.7,65.3,54.6,43.5,63.2
ALBUQUERQUE                ,NM,46.8,52.5,60.5,69,78.8,88.3,90.1,87.2,80.7,69,55.8,46.1,68.8
CLAYTON                    ,NM,48.9,51.3,58.5,67,75.6,84.6,88.6,86.2,79.3,68.5,57.2,47.7,67.9
ROSWELL                    ,NM,55.1,60.7,68.3,76.8,85.4,93.2,93.7,91.7,85.6,75.7,64.3,54.6,75.5
ALBANY                     ,NY,30.6,34.6,44.4,58.3,69.4,77.9,82.3,80.4,72.2,59.8,47.9,35.8,57.9
BINGHAMTON                 ,NY,28.7,32.1,41.1,54.2,65.5,73.7,77.8,76.5,68.4,56.8,45.1,33.3,54.5
BUFFALO                    ,NY,31.2,33.3,42,55,66.5,75.3,79.9,78.4,71.1,59,47.6,36.1,56.4
ISLIP                      ,NY,38,40.3,47.3,57.6,67.5,76.6,81.7,80.4,73.8,63,53.2,43,60.3
ROCHESTER                  ,NY,31.7,34.1,42.8,56,67.6,76.6,81,79.1,71.6,59.6,48,36.5,57.2
SYRACUSE                   ,NY,31.5,34.2,43.2,57.2,68.8,77.5,81.6,80,72.2,60,48.4,36.4,57.7
ASHEVILLE                  ,NC,47.4,51,58.7,67.7,74.8,81.3,84,82.9,76.9,68.1,58.8,49.5,66.8
CAPE HATTERAS              ,NC,52.2,53.5,58.6,66.3,73.7,81,84.6,84.1,79.9,72,64,55.9,68.9
CHARLOTTE                  ,NC,50.7,55,63.1,71.9,78.9,86,89,87.5,81.3,71.8,62.4,52.9,70.9
GREENSBORO-WNSTN-SALM-HGHPT,NC,48.3,52.5,60.9,70.2,77.5,84.8,87.9,86.3,79.7,70.3,60.8,50.7,69.2
RALEIGH                    ,NC,50.9,55.2,63.4,72.4,79.6,87.1,90.2,88.4,82.1,72.7,63.6,53.6,71.7
WILMINGTON                 ,NC,56.4,59.9,66.4,74.2,80.7,86.9,89.7,88.1,83.7,75.7,68,59.3,74.1
BISMARCK                   ,ND,23.4,28.3,40.4,57,68.4,77.3,84.7,83.5,72.1,57.5,39.6,26.2,55
FARGO                      ,ND,18.4,23.7,36.3,55.8,69.3,77.4,82.5,81.2,70.8,56,37.3,22.3,52.7
GRAND FORKS                ,ND,16.5,21.9,34.2,53.9,68,76.1,81,80.2,69.6,54.3,35.1,20.3,51.1
WILLISTON                  ,ND,21.9,27.5,40.4,57,67.7,76.8,84.4,83.8,71.3,56.3,37.9,24.4,54.2
AKRON                      ,OH,33.1,36.7,46.6,59.6,69.3,78,82,80.3,73,61,49.2,37,58.9
CINCINNATI                 ,OH,38.7,42.9,53.2,64.7,73.7,82.1,85.6,84.9,78.1,66.2,54,41.6,63.9
CLEVELAND                  ,OH,34.4,37.5,46.6,59.1,69.5,78.6,82.6,80.8,73.9,62.3,50.8,38.3,59.6
COLUMBUS                   ,OH,36.5,40.6,51.1,63.5,72.9,81.6,84.9,83.7,77,65.1,52.6,40.1,62.6
DAYTON                     ,OH,34.7,38.9,49.6,61.9,71.5,80.2,83.8,82.6,75.9,63.8,51.1,38.1,61.1
MANSFIELD                  ,OH,32.8,36.3,46.2,59.3,69.4,78.1,81.7,80,73.3,61.6,49.4,36.5,58.8
TOLEDO                     ,OH,32.6,36,46.9,60.1,71,80.7,84.5,82.2,75.4,62.8,49.7,36.4,60
YOUNGSTOWN                 ,OH,32.5,36.1,45.8,59,68.9,77.4,81.4,79.9,72.4,60.6,48.9,36.5,58.4
OKLAHOMA CITY              ,OK,49.7,54.6,63.4,72.3,80.2,88.1,93.9,93.4,84.7,73.4,61.5,50.6,72.2
TULSA                      ,OK,48,53.2,62.4,71.8,79.4,87.5,93.1,93.1,83.9,73,60.9,49.3,71.4
ASTORIA                    ,OR,49.8,51.6,53.8,56.4,60.4,63.9,67.4,68.7,67.6,60.9,53.5,48.7,58.6
BURNS                      ,OR,34.8,39.3,49.3,57.1,66.1,75,85.9,84.8,75.5,61.8,45.1,34.3,59.2
EUGENE                     ,OR,47.2,51.1,56.2,60.8,67,73.2,82.3,82.8,76.9,64.2,52.2,45.6,63.4
MEDFORD                    ,OR,47.8,54.3,59.5,64.9,73.3,81.6,90.7,90.7,83.5,69.9,53,45.9,68
PENDLETON                  ,OR,41.8,46.8,55.2,62.1,70,78.2,88,86.8,77.4,63.7,49.2,39.5,63.3
PORTLAND                   ,OR,47,51.3,56.7,61.4,68,73.5,80.6,81.1,75.8,63.8,52.8,45.6,63.2
SALEM                      ,OR,47.7,51.6,56.5,61.1,67.8,73.9,82,82.4,76.8,64.1,52.6,46.2,63.6
SEXTON SUMMIT              ,OR,42.6,44,46.5,52,60,67.1,75.3,75.7,69.5,58.2,45.8,41.4,56.6
ALLENTOWN                  ,PA,36,39.8,49.4,61.3,71.5,80.1,84.2,82.4,74.9,63.6,52.5,40.5,61.4
ERIE                       ,PA,33.7,35.5,43.8,56.1,66.6,75.7,79.8,78.6,71.9,60.8,49.9,38.1,57.7
HARRISBURG                 ,PA,38,41.2,50.8,62.6,72.4,81.2,85.3,83.5,75.9,64.5,53.3,41.7,62.6
MIDDLETOWN/HARRISBURG      ,PA,37,40.7,50.4,62.4,72.1,81,85.5,83.4,75.6,64.1,53.1,41.3,62.3
PHILADELPHIA               ,PA,40.3,43.8,52.7,63.9,73.8,82.7,87.1,85.3,78,66.6,56,44.8,64.7
PITTSBURGH                 ,PA,35.7,39.3,49.2,61.7,70.8,79.1,82.5,81.4,74.3,62.6,51.2,39.4,60.7
AVOCA                      ,PA,33.2,36.8,46.2,59.1,69.7,77.7,81.9,79.9,72.3,60.7,49.4,37.5,58.8
WILLIAMSPORT               ,PA,34.2,38,47.9,60.9,71.5,79.7,83.6,81.6,73.5,62,49.9,38.1,60.2
PROVIDENCE                 ,RI,37.4,40.3,47.8,58.6,68.4,77.5,82.8,81.4,74.2,63.3,53.2,42.3,60.7
CHARLESTON                 ,SC,56.7,59.6,65,72,78.7,84.5,87.6,86.4,82,74.6,67.3,59.5,72.9
COLUMBIA                   ,SC,56,60.3,68.2,76.3,83.8,90,92.7,90.7,85.2,76.1,67.3,58.2,75.5
GREENVILLE-SPARTANBURG     ,SC,52.4,56.6,64.5,72.8,80.2,87.5,90.3,88.6,82.2,72.8,63.5,54.1,72.2
ABERDEEN                   ,SD,22.5,27.9,40,57,68.7,77.4,83.5,81.8,72.1,57.6,39.6,25.5,54.6
HURON                      ,SD,26.8,31.8,43.7,59,70.2,79.6,86,84,74.7,60.4,43,29,57.5
RAPID CITY                 ,SD,37.1,39.6,47.9,58.3,67.8,77.8,87.1,86.4,75.6,61.4,47,36.9,60.4
SIOUX FALLS                ,SD,26.4,31.3,43.1,58.5,69.8,79.2,84.1,81.7,73.2,59.6,42.5,28.5,56.6
BRISTOL-JHNSN CTY-KNGSPRT  ,TN,45.3,49.9,59,68,75.9,83,85.5,85.1,79.2,69.2,58.7,48,67.3
CHATTANOOGA                ,TN,50.2,54.8,63.7,72.7,79.9,87.1,90.2,89.6,83.2,73.1,62.3,52.1,71.7
KNOXVILLE                  ,TN,47.3,52.3,61.4,70.3,78.1,85.4,88.2,87.8,81.8,71.2,60.4,49.8,69.6
MEMPHIS                    ,TN,49.8,54.7,63.9,73,81.2,88.9,91.6,91.3,85.1,74.4,62.6,52.1,72.5
NASHVILLE                  ,TN,46.9,51.8,61,70.5,78.2,86,89.3,89,82.4,71.7,60.3,49.5,69.8
OAK RIDGE                  ,TN,47,52.2,61.8,71.1,78.5,85.4,88.3,88,81.8,71.8,60.2,49.1,69.7
ABILENE                    ,TX,56.8,60.5,68.6,77.3,84.6,90.5,94.2,94,86.8,77.3,66.3,56.9,76.2
AMARILLO                   ,TX,50.6,54.2,62.5,71.1,79.5,87.7,91.4,89.4,82.6,71.9,60,49.7,71
AUSTIN                     ,TX,61.5,65.2,72.2,79.8,86.5,92.1,95.6,97,90.5,81.8,71.4,62.7,79.8
BROWNSVILLE                ,TX,70.6,73.7,78.9,83.7,88.4,92.1,93.6,94.4,90.5,85.7,79.1,71.8,83.6
CORPUS CHRISTI             ,TX,66.9,70.4,75.9,81.7,86.6,90.9,93.1,94.4,90.1,84.4,76,68.4,81.6
DALLAS                     ,TX,56.8,60.8,68.7,76.7,84.2,91.6,96,96.4,88.7,78.5,67.1,57.5,77
DEL RIO                    ,TX,63.8,68.6,76.2,83.6,89.8,94.7,96.6,97.1,90.8,82.4,72,64,81.7
EL PASO                    ,TX,57.7,63.1,70.3,78.6,87.8,95.5,94.7,92.4,87.6,78.2,66.2,57.1,77.5
GALVESTON                  ,TX,61.8,64.3,70.2,75.9,83,88.2,89.6,90.3,87.4,80.6,71.6,63.9,77.3
HOUSTON                    ,TX,62.9,66.3,73,79.6,86.3,91.4,93.7,94.5,89.7,82,72.5,64.3,79.7
LUBBOCK                    ,TX,54.1,58.9,66.7,75.4,83.8,90.6,92.8,91.3,84.5,75.2,63.6,54.1,74.3
MIDLAND-ODESSA             ,TX,57.4,62.4,70.2,79.2,87.6,93.4,94.6,93.6,86.9,77.9,66.6,58.1,77.4
PORT ARTHUR                ,TX,62.1,65.3,71.8,78.1,84.8,89.6,91.7,92.2,88.2,80.6,71.7,63.7,78.4
SAN ANGELO                 ,TX,59.5,63.5,71.1,80.1,87.2,92.1,95.1,94.7,87.8,78.8,68.3,59.9,78.2
SAN ANTONIO                ,TX,62.9,66.9,73.5,80.5,87,92.3,94.6,96,90.3,82.2,72.2,64,80.3
VICTORIA                   ,TX,64.7,68.1,74.2,80.5,86.5,91.5,93.8,95,90.4,83.5,74.2,66.1,80.8
WACO                       ,TX,58.2,61.8,69.2,77.6,85,91.7,96.3,96.8,89.8,79.9,68.5,59,77.9
WICHITA FALLS              ,TX,54.2,58.3,67,75.8,83.6,91.4,96.9,96.6,88.1,77,65.1,54.7,75.8
SALT LAKE CITY             ,UT,37.4,43.2,53.7,61.6,71.9,83,92.6,90.5,79.2,64.7,49.4,38,63.9
BURLINGTON                 ,VT,27.2,30.6,40,54.7,67.2,76.3,80.9,79,70.4,57.2,45.5,33.2,55.3
LYNCHBURG                  ,VA,45.4,49.1,57.9,68.2,75.4,83.2,86.5,85.2,78.3,68.5,58.5,47.8,67.1
NORFOLK                    ,VA,48.1,50.9,58.2,67.6,75.4,83.5,87.4,85.1,79.3,70.1,61.1,52.1,68.3
RICHMOND                   ,VA,47.4,51.3,60,70.3,77.9,86.1,89.7,87.6,81.2,71,61.4,50.7,69.6
ROANOKE                    ,VA,45.6,49.3,58,68,75.7,83.4,87,85.8,78.5,68.9,58.6,47.9,67.3
WALLOPS ISLAND             ,VA,44.8,47,53.8,62.9,71.4,80.3,85,83.3,77.6,68.1,58.6,49,65.2
OLYMPIA                    ,WA,45.9,49.3,53.9,58.9,65.3,70.6,76.8,77.7,71.8,60.2,50.2,44.2,60.5
QUILLAYUTE                 ,WA,47.1,49.1,51.4,54.8,59.5,63.1,67.4,68.6,66.2,58.2,50.3,46,56.8
SEATTLE                    ,WA,47.2,49.9,53.7,58.5,64.7,69.9,75.8,76.3,70.5,59.7,50.9,45.7,60.3
SPOKANE                    ,WA,34.4,39.6,48.9,57.2,66.4,73.8,83.3,82.9,72.9,58,41.6,32.2,57.7
WALLA WALLA                ,WA,40.9,46,55.2,62.5,70.4,78.8,89.2,88.1,77.9,63.5,48.5,38.5,63.4
YAKIMA                     ,WA,38.6,46.3,56.2,63.8,72.4,79.5,87.9,86.8,78,63.9,47.9,35.8,63.2
BECKLEY                    ,WV,39.4,43.1,51.8,62.8,70.2,77,79.8,79.2,72.9,63.3,53,42.3,61.3
CHARLESTON                 ,WV,42.5,46.6,56.2,67.7,74.8,82.2,85.2,84.2,77.8,67.7,57,45.6,65.7
ELKINS                     ,WV,39,42.8,51.7,62.8,70.7,77.9,81,80.2,73.7,64,53.3,42.3,61.7
HUNTINGTON                 ,WV,42.2,46.5,56.6,67.9,75.3,82.8,86,85.5,78.8,68.1,56.8,45.4,66.1
GREEN BAY                  ,WI,24.3,28.2,39.2,53.9,66,75.3,79.8,77.7,69.9,56.6,42.2,28.5,53.6
LA CROSSE                  ,WI,25.9,31.4,43.9,59.3,70.7,80,84.1,81.5,73.2,59.9,43.8,29.1,57
MADISON                    ,WI,26.4,31.1,43.1,57.3,68.4,77.9,81.6,79.4,71.8,58.9,44.1,30.2,56
MILWAUKEE                  ,WI,28.9,32.5,42.4,53.8,64.9,75.3,80.1,78.5,71.3,59.3,46,32.8,55.6
CASPER                     ,WY,35.2,37.8,47.9,56.8,67.1,78.8,88.1,86.4,74.3,59.4,44.7,34.2,59.3
CHEYENNE                   ,WY,39.5,40.5,47.5,54.9,64.7,75.3,83.4,81.2,71.8,58.8,46.5,38.2,58.6
LANDER                     ,WY,33.1,36.5,47.4,56.4,66.5,77.5,86.8,85,72.8,58.5,42.8,31.8,58
SHERIDAN                   ,WY,36.2,39,48.4,57.4,66.7,76.7,87.1,86.3,74.2,60.1,45.9,35.2,59.5
GUAM                       ,PC,84.9,84.9,85.8,87.3,87.9,87.9,87.1,86.5,86.7,86.8,86.5,85.6,86.5
KOROR                      ,PC,86.5,86.4,87.1,87.8,87.7,86.8,86.1,86,86.5,87,87.8,87.2,86.9
KWAJALEIN- MARSHALL IS.    ,PC,85.4,85.8,86.4,86.5,86.8,86.5,86.5,86.8,87,86.8,86.4,85.7,86.4
MAJURO- MARSHALL IS        ,PC,85.5,85.9,86.1,86.1,86.4,86.3,86.4,86.7,86.9,86.9,86.6,85.9,86.3
PAGO PAGO- AMER SAMOA      ,PC,87.6,88,88.1,87.5,86.2,85,84.2,84.3,85.3,85.8,86.6,87.4,86.3
POHNPEI- CAROLINE IS.      ,PC,86.8,87.1,87.6,87.8,88,88.1,88.6,89.2,89.3,89.3,88.8,87.5,88.2
CHUUK- E. CAROLINE IS.     ,PC,85.5,85.7,86.1,86.4,86.9,86.7,86.6,86.5,86.6,86.8,86.8,86.1,86.4
YAP- W CAROLINE IS.        ,PC,86.9,87,87.7,88.5,88.7,88,87.5,87.2,87.6,88.1,88,87.3,87.7
SAN JUAN                   ,PR,83.2,83.7,84.9,86.2,87.5,88.9,88.7,89.2,89.2,88.4,85.9,83.9,86.7
