BIRMINGHAM                 ,AL,33.8,37.1,43.7,50.5,59.7,67.7,71.4,70.8,64.3,52.9,43.5,36.3,52.7
HUNTSVILLE                 ,AL,31.8,35.5,42.2,50,59.3,67.1,70.4,69.4,62.5,51,41.8,34.4,51.4
MOBILE                     ,AL,40,43.3,49.1,55.4,63.7,70.4,72.7,72.6,68,57.6,48.6,42.2,57
MONTGOMERY                 ,AL,35.7,39.2,45.3,51.6,60.7,68.1,71.5,71,65.2,53.5,43.9,37.4,53.7
ANCHORAGE                  ,AK,11.1,13.8,19.2,29.1,39.6,47.7,52.2,50,42,29.1,16.6,13.2,30.4
ANNETTE                    ,AK,32.4,32.7,34.5,38.3,44,49.2,52.9,53.1,48.4,41.9,35.4,32.8,41.3
BARROW                     ,AK,-19.5,-20.4,-19.2,-4.9,16.5,30.8,34.8,34.1,28.5,12.6,-4.8,-13.8,6.3
BETHEL                     ,AK,0.8,4.4,7.8,19.3,33.3,43.8,48.8,47,39,24.7,11.6,3.9,23.8
BETTLES                    ,AK,-17.9,-14.5,-8,12.3,34.2,47.6,49.6,42.9,32.3,12.1,-8.1,-13.4,14.2
BIG DELTA                  ,AK,-7.8,-3.1,3.8,22.2,37.7,48,51.2,45.9,35.4,17.5,-0.4,-4.4,20.6
COLD BAY                   ,AK,23.6,24.3,25.1,29,35,41.4,46.4,47.7,43.3,35.4,30,26.6,34
FAIRBANKS                  ,AK,-16.9,-12.7,-2.5,20.6,37.8,49.3,52.3,46.4,35.1,16.5,-5.7,-12.9,17.4
GULKANA                    ,AK,-10.7,-4.5,3,20.4,33.4,42.3,46.5,42.4,33,18.4,-2,-7.4,18
HOMER                      ,AK,18.8,19.8,23.2,29.8,37.1,43.5,48,46.9,41.1,31.6,23.5,21.1,32.1
JUNEAU                     ,AK,23.7,25,28,33.3,40.6,46.9,50,49,44.4,37.8,29.1,25.6,36.2
KING SALMON                ,AK,8.8,10.9,15.6,25,34.5,41.9,47.3,46.6,39.7,25.7,15.3,10.8,26.9
KODIAK                     ,AK,25.9,26.1,27.7,32.3,38.7,44.5,49.2,49,43.2,34.5,28.7,26.3,35.5
KOTZEBUE                   ,AK,-9.5,-7.8,-6.7,5.4,26,39.9,49.7,47.3,37.9,20.1,4,-4.1,17
MCGRATH                    ,AK,-15.3,-9.5,-1.6,18.6,36.1,46.7,50.7,45.8,36.1,18.3,-2.1,-11.8,17.8
NOME                       ,AK,-2.8,-0.5,2.1,13.5,30.5,40.7,46.2,44.3,36.9,23,10.7,2.2,20.7
ST. PAUL ISLAND            ,AK,21.1,20.2,20.4,25.1,31.9,38,43.6,45.6,41.1,34.4,29.1,24.7,31.3
TALKEETNA                  ,AK,6.2,8.7,14.2,25.6,37,47.1,51.8,48.2,39.2,25.8,12.1,8.3,27.1
VALDEZ                     ,AK,19.2,20.9,24.2,31.3,39.4,45.8,48.5,46.6,41.1,33.3,24,21.6,33
YAKUTAT                    ,AK,22.4,23,24.6,29.9,37.2,44.3,48.6,47.2,41.2,34.7,26.3,24.3,33.7
FLAGSTAFF                  ,AZ,17.3,19.3,23.6,28.5,35,41.9,50.9,50.1,42,31.5,22.9,16.8,31.7
PHOENIX                    ,AZ,45.6,48.7,53.5,60.2,69.4,77.7,83.5,82.7,76.9,64.8,52.7,44.8,63.5
TUCSON                     ,AZ,39.8,42.2,46.2,52,60.5,69.3,74.4,73.3,68.6,57.3,46.1,39.1,55.8
WINSLOW                    ,AZ,20.8,24.8,30.4,36.7,45.4,53.8,61.9,60.8,52.3,39.3,27.9,20.6,39.6
FORT SMITH                 ,AR,29,33.1,41.1,49.5,59.2,67.5,71.6,70.8,62.3,50.7,40.3,31.2,50.6
LITTLE ROCK                ,AR,31.2,34.5,42.7,51,61.1,69.4,73.2,72.4,64.5,52.6,42.2,33.7,52.5
BAKERSFIELD                ,CA,39.3,42.4,46.5,50.2,57.5,64.2,70.5,69,64,55,44.6,39,53.6
BISHOP                     ,CA,23,26.5,31.2,36.3,44.2,51,56.2,53.8,47,37.4,27.8,22.1,38.1
BLUE CANYON                ,CA,34.6,34.2,35.5,38.8,46.3,54,62,61.1,56.1,47.9,38.2,33.4,45.3
FRESNO                     ,CA,38.3,41.5,45.6,49.4,56.2,62.4,67.6,66.2,61.5,53,43.4,38,52
LONG BEACH                 ,CA,46.1,48,50.5,53.2,57.6,61,64.5,64.9,63.2,58.3,50.8,45.8,55.4
LOS ANGELES                ,CA,47.8,49.3,51,53.5,57.1,60.3,63.6,64.1,63.1,58.7,52,47.5,55.7
REDDING                    ,CA,36.5,39.3,42.9,46.1,53.8,61.6,66,63,57.7,49.4,40.9,36.3,49.5
SACRAMENTO                 ,CA,38.8,41.4,44.1,46.2,51.1,55.8,58.4,58,55.7,50.2,42.8,38.4,48.4
SAN DIEGO                  ,CA,49,50.7,53.2,55.9,59.4,62,65.4,66.7,65.2,60.6,53.6,48.4,57.5
SAN FRANCISCO              ,CA,45.7,47.5,48.5,49.2,51,52.8,54.1,55.1,55.1,53.7,50.1,46.1,50.8
SANTA BARBARA              ,CA,40.7,43.7,45.8,47.8,51.2,54.2,57.8,57.6,55.8,51.1,44.4,40.2,49.2
SANTA MARIA                ,CA,39.5,41.7,43,44,47.4,50.6,53.8,54.2,52.7,48.7,43,39.1,46.5
STOCKTON                   ,CA,37.7,40.2,42.8,45.9,51.6,56.8,60,59.2,56.5,49.7,41.9,37.2,48.3
ALAMOSA                    ,CO,-1.7,5.7,16.9,24.4,33.4,40.6,46.9,45.9,36.9,24.5,12.1,0.5,23.9
COLORADO SPRINGS           ,CO,17.7,19.5,26,33.3,42.7,51.3,56.9,55.7,47.3,35.8,25.2,17.5,35.8
DENVER                     ,CO,17.4,18.9,26.4,33.3,42.7,52.3,58.9,57.9,48.3,36.6,24.5,17.1,36.3
GRAND JUNCTION             ,CO,17,23.7,31.4,38.1,47,56.3,63.2,61.3,52,39.9,27.6,18.5,39.7
PUEBLO                     ,CO,14,17.3,25.6,33.9,44.1,52.8,58.7,57.5,47.7,34.2,22.5,14.2,35.3
BRIDGEPORT                 ,CT,23,25.2,31.4,41,50.6,60.4,66.4,65.8,58.3,46.5,38,28.4,44.7
HARTFORD                   ,CT,17.7,20.9,27.9,38.4,47.7,57.3,62.7,61.1,52.7,41.1,33.2,23.4,40.4
WILMINGTON                 ,DE,24.6,26.8,33.6,43,52.6,62.6,67.6,66.1,58.2,46.1,37.4,28.7,45.7
WASHINGTON DULLES          ,DC,23.9,26,32.9,42.1,51.2,61,65.5,64.2,56.3,43.8,35.3,27.1,44.2
WASHINGTON NAT'L           ,DC,28.6,30.9,37.6,47,56.5,66.3,71.1,69.7,62.4,50.6,41.2,32.5,49.6
DAYTONA BEACH              ,FL,47.3,50.1,54.2,58.6,65.4,71.4,73,73.4,72.2,65.9,57.3,50.5,61.7
FORT MYERS                 ,FL,53.7,55.9,59.4,63.1,68.7,73.5,74.5,74.9,74.3,69.1,62,56.4,65.5
GAINESVILLE                ,FL,42.3,45.3,50,54.9,62.4,69.3,71.5,71.6,69,60.5,51.1,44.4,57.8
JACKSONVILLE               ,FL,41.4,44.7,49.7,54.7,62.7,70,72.6,72.7,69.5,60.5,50.9,43.9,57.8
KEY WEST                   ,FL,64.2,66,68.3,71.6,75.7,78.8,79.8,79.6,78.5,76,71.7,66.9,73.1
MIAMI                      ,FL,59.9,62.3,64.9,68.3,72.9,76,77.3,77.4,76.5,73.5,68.1,63,70.1
ORLANDO                    ,FL,49.2,52.1,55.8,60,66.4,72,73.6,74.1,72.7,66.4,58.6,52.4,62.8
PENSACOLA                  ,FL,42.2,45.5,51.2,57.6,66,72.5,74.5,74.2,70.3,60.3,51.2,44.4,59.2
TALLAHASSEE                ,FL,39,41.9,47.1,52.3,61.6,69.5,72,72.1,68.1,57.3,47.5,41.1,55.8
TAMPA                      ,FL,51.6,54.4,58.2,63,69.7,74.8,75.9,76.2,74.5,68,60.3,54.2,65.1
VERO BEACH                 ,FL,51.7,54.1,57.6,61.2,67.6,72.1,73.4,73.6,73.3,68.9,61.5,55,64.2
WEST PALM BEACH            ,FL,56.8,59.1,62.2,65.8,71,74.3,75.5,75.9,75.2,71.7,65.5,60,67.8
ATHENS                     ,GA,33.1,36.3,42.5,49.3,58.2,66.4,69.8,69.3,62.7,51.5,42.4,35,51.5
ATLANTA                    ,GA,34.3,37.7,44.1,51.5,60.3,68.2,71.3,70.7,64.8,54,44.5,36.5,53.2
AUGUSTA                    ,GA,32.8,35.9,42,48.1,57.3,66.2,69.8,69.3,62.6,51,41.4,34.5,51
COLUMBUS                   ,GA,36.8,40.1,46.1,52.5,61.9,69.7,72.9,72.4,66.7,55.6,46.1,38.9,55.1
MACON                      ,GA,34.8,38,44.1,50.1,59.2,67.6,71,70.3,63.9,52.4,43,36.4,52.6
SAVANNAH                   ,GA,38.6,41.7,47.6,53.6,62.1,69.8,72.8,72.4,67.8,57.5,47.9,40.8,56.1
HILO                       ,HI,63.8,63.5,64.6,65.5,66.9,68.2,69.3,69.7,69.1,68.5,67.3,65.1,66.8
HONOLULU                   ,HI,66.3,66.1,67.7,69.4,70.9,73.4,74.5,75.1,74.4,73.4,71.4,68.3,70.9
KAHULUI                    ,HI,63.4,63,64.4,65.7,67.1,69.6,71.1,71.4,70.4,69.5,68,65.1,67.4
LIHUE                      ,HI,65.5,65.5,67,68.8,70.4,73,74.1,74.6,74.1,72.9,70.8,67.6,70.4
BOISE                      ,ID,24.7,28.3,34.4,39.3,46.5,53.7,60.4,59.6,51,40.9,31.9,24,41.3
LEWISTON                   ,ID,29.6,30.9,35.6,40.3,47,53.4,59.6,59.2,51,41.1,34.1,28,42.5
POCATELLO                  ,ID,16,19.2,27.1,32.9,39.7,46.5,52,50.7,42.1,33,24.1,16.1,33.3
CHICAGO                    ,IL,16.5,20.1,29.2,38.8,48.3,58.1,63.9,62.9,54.3,42.8,32.4,20.7,40.8
MOLINE                     ,IL,14.3,18.3,29.4,40.5,50.7,60.7,65,63.2,53.9,42.4,30.9,18.6,40.8
PEORIA                     ,IL,17,21.2,31,41.7,51.6,61.4,65.5,63.7,55.2,43.5,32.9,21,42.2
ROCKFORD                   ,IL,13.5,17.7,27.5,38.1,48.4,58.5,63,61.3,52.4,40.7,30.3,17.7,39.2
SPRINGFIELD                ,IL,18.7,22.6,32.2,42.4,52.6,61.9,65.4,63.6,54.6,43.8,33.9,22.5,43
EVANSVILLE                 ,IN,24,27.2,35.3,44.6,54.5,63.9,67.5,65.4,56.8,45.5,36.4,27.1,45.8
FORT WAYNE                 ,IN,17.4,20.3,28.7,38.9,49.2,59.3,62.7,60.8,52.6,41.8,32.9,22.1,40.6
INDIANAPOLIS               ,IN,20.5,23.9,32.8,42.7,52.6,62.1,65.8,64.4,56.2,44.7,35.1,24.4,43.9
SOUTH BEND                 ,IN,17.6,20.5,28.4,38.6,48.6,58.7,63.1,61.7,53.7,42.6,33.3,22.4,40.8
DES MOINES                 ,IA,14.3,18.8,29.7,41.1,52.2,62,66.8,64.8,55.2,43,30.5,18,41.5
DUBUQUE                    ,IA,11.2,15.8,26.6,37.8,48.4,58.1,62.1,60.3,51.6,40,28.5,15.3,38.1
SIOUX CITY                 ,IA,10.2,15.2,25.5,36.8,48.7,58.6,63.2,60.9,50.6,38,25.2,13,37.3
WATERLOO                   ,IA,9.5,14.6,26,37.2,49,58.9,62.8,60.2,50.7,38.7,26.8,13.5,37.4
CONCORDIA                  ,KS,18.7,22.2,31.4,41.2,52,61.9,67.4,65.5,56,43.8,31.1,20.5,42.7
DODGE CITY                 ,KS,20.1,23.4,31,40.2,51.5,61,66.3,65.3,56,43.4,30.3,21.2,42.6
GOODLAND                   ,KS,16.9,19.4,26.5,34.7,45.8,55.6,61.3,60,50.1,37.5,25.7,17.3,37.6
TOPEKA                     ,KS,19.6,23.8,33.3,43.5,54.2,63.7,68.4,66.2,56.3,44.7,33,22.3,44.2
WICHITA                    ,KS,21.9,26.1,35,44.5,55.2,64.9,69.8,68.8,59.5,46.9,34.6,24.1,46
JACKSON                    ,KY,26.8,29.9,37.3,46.7,54.7,62.5,66.1,65,58.2,48,39.4,30.2,47.1
LEXINGTON                  ,KY,24.9,28.1,35.7,44.7,53.9,62.5,66.3,65,57.5,46.6,37.3,28,46
LOUISVILLE                 ,KY,26.8,29.9,37.8,47.3,57,66,69.9,68.5,60.5,48.9,39.5,30,48.6
PADUCAH                    ,KY,25.8,29.5,37.7,46.6,56.3,64.9,68.5,66.1,57.8,46.7,37.9,28.6,47.3
BATON ROUGE                ,LA,41.2,44.5,50.3,56.8,65.2,71.4,73.7,73.4,68.5,57.9,48.9,42.7,57.9
LAKE CHARLES               ,LA,42.3,45.5,51.3,58.2,66.6,72.7,74.6,74.1,69.1,59.4,50.7,44.1,59.1
NEW ORLEANS                ,LA,44.7,48,53.5,60,68.1,73.5,75.3,75.3,72,62.6,53.5,46.9,61.2
SHREVEPORT                 ,LA,36.2,39.7,46.3,53.6,62.7,69.5,72.7,72.1,65.6,54.6,45.2,37.7,54.7
CARIBOU                    ,ME,0.8,4.2,15.2,29.5,40.5,49.8,55.2,52.9,44.5,34.6,24.7,10.3,30.3
PORTLAND                   ,ME,13.4,16.4,24.9,34.7,44.2,53.6,59.4,58.2,50.3,38.9,30.9,20.4,37.2
BALTIMORE                  ,MD,24.4,26.6,33.5,42.7,52,61.9,66.8,65.2,57.6,45.4,36.5,28.1,45.1
BOSTON                     ,MA,22.2,24.7,31.1,40.6,49.9,59.5,65.4,64.6,57.4,46.5,38,28.2,44.1
WORCESTER                  ,MA,16.8,19.4,26.5,37,46.8,56,61.5,60.4,52.9,41.7,33,22.6,39.6
ALPENA                     ,MI,11.5,11.4,19.2,31,40.5,49.7,55.3,53.7,46.5,36.4,28.3,18.4,33.6
DETROIT                    ,MI,19.1,21,28.6,39.4,49.4,59.5,63.9,62.6,54.7,43.3,34.3,24.1,41.8
FLINT                      ,MI,15.3,16.9,24.8,35.5,45.3,55.2,59.2,57.9,49.9,39.4,31,20.8,37.7
GRAND RAPIDS               ,MI,18.1,19.9,26.9,37.7,47.8,57.7,62.2,61,52.7,41.8,33,23.5,40.3
HOUGHTON LAKE              ,MI,9.9,10.6,18.5,31,41.5,50.2,54.5,52.8,45.5,35.9,27.4,17.3,33
LANSING                    ,MI,16.8,18.5,26,37,46.7,56.7,60.6,59.4,51.2,40.7,32.4,22.3,39.1
MUSKEGON                   ,MI,20.1,21.1,27,37.3,46.9,56.6,61.9,61,52.8,42.5,34,25.3,40.6
SAULT STE. MARIE           ,MI,7.6,9.4,17.9,31.1,40.9,48.7,54.4,54.5,47.7,37.8,28.1,15.8,32.9
DULUTH                     ,MN,1.5,6.1,17.5,30,40.6,49.3,55.4,54.4,46.1,34.8,21.9,7.3,30.5
INTERNATIONAL FALLS        ,MN,-6.6,-1.3,12.5,27.1,38.7,48.4,52.6,50.7,41.8,31,17.4,0.4,26.2
MINNEAPOLIS-ST.PAUL        ,MN,7.5,12.8,24.3,37.2,48.9,58.8,64.1,61.8,52.4,39.7,26.2,12.3,37.3
ROCHESTER                  ,MN,7.7,12.4,24.3,36.4,47.4,57.2,61.3,59.3,50.4,38.4,26,12.2,36.2
SAINT CLOUD                ,MN,1.8,7.2,19.8,32.7,44.2,53.6,58.4,56,46.8,34.9,21.7,7.1,32.1
JACKSON                    ,MS,35.3,38.5,45.3,52.2,61.6,68.6,71.6,70.9,64.6,53.1,44,37.3,53.7
MERIDIAN                   ,MS,33.1,36.4,42.3,49.1,58.5,66.1,69.4,69,62.9,51,41.6,35.6,51.3
TUPELO                     ,MS,31.7,35.3,42.5,50.2,59.6,67.6,71.2,70.1,62.8,50.8,41.7,34.3,51.5
COLUMBIA                   ,MO,20.9,24.9,34,44,53.5,62.8,67,65.4,56.4,45,34.9,23.7,44.5
KANSAS CITY                ,MO,19.6,23.8,33.4,44,54.2,63.6,68.4,66.8,57.3,45.9,34.1,22.6,44.6
ST. LOUIS                  ,MO,23.7,27.6,36.6,47.2,57.2,66.8,71,69.4,60.6,49,38.1,26.9,47.9
SPRINGFIELD                ,MO,22.4,26.1,35.2,44.3,54.4,63.1,67.6,66.6,57.7,46.5,35.4,25,45.5
BILLINGS                   ,MT,17.8,20.6,26.9,34.7,43.6,52.1,58.8,57.3,47.5,37.1,26.3,17.8,36.8
GLASGOW                    ,MT,4.2,9.4,20.9,32.1,42.3,51.3,57.1,56,44.6,32.4,19,6.6,31.4
GREAT FALLS                ,MT,14.9,16.4,22.6,30.5,38.6,46.1,51.4,50.4,42,32.8,23.4,14.9,32.1
HAVRE                      ,MT,7.2,10.9,21,30.8,40.5,48.5,53.6,52,41.6,30.4,18.8,8,30.4
HELENA                     ,MT,13,16.9,24.3,32.1,40.8,48.5,54.3,52.2,43.1,32.5,22,11.9,32.7
KALISPELL                  ,MT,16.4,18.2,25.1,31.2,38.5,44.5,48,46.5,38.4,29.4,24,15.8,31.4
MISSOULA                   ,MT,18.3,21.2,27.7,32.8,39.8,46.6,51.4,50.1,41.8,32.4,24.9,16.7,33.7
GRAND ISLAND               ,NE,14.4,18.4,27.6,37.9,49.6,59.4,64.7,62.6,52.3,39.6,26.8,16.4,39.3
LINCOLN                    ,NE,13.8,18,27.9,38.8,50.5,60.9,66.1,63.8,53.4,40.6,27.6,16.4,39.9
NORFOLK                    ,NE,12.1,16.5,26.2,37.3,48.6,58.6,63.6,61.5,51.1,38.5,25.6,14.5,37.9
NORTH PLATTE               ,NE,11.1,15,23.5,33,44.1,54,60.4,58.2,46.8,33.6,21,11.6,34.5
OMAHA                      ,NE,13.6,18.1,28.1,39.8,50.9,61,66.2,64,53.9,41.6,28.8,16.7,40.3
SCOTTSBLUFF                ,NE,13.7,16.3,23.8,31.9,42.9,52.3,58.3,56.2,45.4,32.9,21.5,12.5,34.1
VALENTINE                  ,NE,10.7,14.4,23.1,33,44.3,54,60.4,58.7,47.4,33.9,21.2,11,34.4
ELKO                       ,NV,13.9,18.4,26.2,31,37.6,44.4,50.1,47.9,39.1,28.7,21.2,14.7,31.2
ELY                        ,NV,11.2,15.5,22.4,27.1,33.6,40.9,48.1,47,37.8,28,18.7,11,28.5
LAS VEGAS                  ,NV,39.4,43.4,49.4,56.1,65.8,74.6,80.9,79.3,71.1,58.5,46.5,38.7,58.7
RENO                       ,NV,25.4,28.9,33.5,37.8,45.5,52,57.7,55.8,48.5,38.8,30.5,25,40
WINNEMUCCA                 ,NV,18.7,22.8,26.6,30.7,37.9,45.4,51.8,48.8,39.6,29.5,22.4,17.4,32.7
CONCORD                    ,NH,10.4,13.8,22.5,32.7,42.6,52.5,57.7,56.1,47.4,35.8,28.2,17.2,34.8
MT. WASHINGTON             ,NH,-4.1,-2.4,5,17.4,29.8,39.5,44,43,36.1,24,13.3,1.7,20.7
ATLANTIC CITY              ,NJ,24.5,26.4,32.7,41.8,51,61.2,66.9,65.2,57.4,45.6,37.2,28.4,44.9
NEWARK                     ,NJ,24.5,26.9,33.6,43.7,53.3,63.3,68.7,67.5,59.7,48,39,29.6,46.6
ALBUQUERQUE                ,NM,26.1,30.3,35.7,43,52.5,61.6,66.4,65.1,57.9,46.1,34.1,26.5,45.5
CLAYTON                    ,NM,21.9,23.6,30,37.7,47.3,56.1,60.8,60.3,52.3,41.1,30,21.9,40.3
ROSWELL                    ,NM,26.1,30.7,36.9,44.7,54.7,63.2,67,65.8,58.5,46.5,34.3,26.1,46.3
ALBANY                     ,NY,14.5,17.3,25.7,37.3,47.1,56.5,61.4,59.9,51.6,39.6,31.5,21.2,38.7
BINGHAMTON                 ,NY,15.7,17.4,24.6,35.9,46.1,55.2,59.6,58.3,50.7,40.1,31.4,21.2,38.1
BUFFALO                    ,NY,18.5,19.2,26,36.8,47.4,57.3,62.3,60.8,53.4,42.7,33.9,24.1,40.3
ISLIP                      ,NY,23.3,25.2,31.3,40.6,49.8,60.2,66,65.3,57.5,45.5,37.1,28.2,44.3
ROCHESTER                  ,NY,17.6,18.6,25.8,36.6,46.3,55.9,60.7,59.5,52,41.5,33,23.5,39.3
SYRACUSE                   ,NY,15.7,17.6,25.1,36.6,46.4,56,61,59.6,51.9,41.2,32.8,22.4,39
ASHEVILLE                  ,NC,26.7,29.7,35.5,42.8,51.4,59.6,63.7,62.9,55.8,44.6,35.8,29.3,44.9
CAPE HATTERAS              ,NC,38.7,40,44.6,52.6,60.5,69.3,73.6,72.9,69,59.7,51.2,42.7,56.3
CHARLOTTE                  ,NC,29.6,32.7,39.3,46.9,55.8,64.5,68.1,67.2,60.4,48.8,39.2,31.9,48.8
GREENSBORO-WNSTN-SALM-HGHPT,NC,29.5,32.4,39.1,47.3,56.1,65.3,69.1,68,60.6,48.8,39.6,32,49.1
RALEIGH                    ,NC,31,33.8,39.9,48,56.5,65.8,69.9,68.6,61.7,49.8,40.8,33.3,50
WILMINGTON                 ,NC,35.6,37.9,43.8,51.6,60,68.7,72.6,71.3,65.6,54.6,45.4,37.8,53.8
BISMARCK                   ,ND,2.2,7.9,19.4,30.7,42.6,52,57.4,55.5,45,32.2,18.8,6.1,30.9
FARGO                      ,ND,0.1,5.6,19.4,32.7,44.9,54.9,59.5,57.3,47.4,35.1,20.3,5.9,32
GRAND FORKS                ,ND,-3.1,2.1,16.1,30,41.5,52,56.3,54,44.2,31.9,17,2.6,28.9
WILLISTON                  ,ND,0.1,6.3,18.2,29.7,40.5,49.7,55.8,53.9,42.1,29.8,16.4,3.3,28.9
AKRON                      ,OH,19.1,21.3,28.5,38.8,48.5,57.7,61.9,60.6,53.3,42.5,33.9,23.9,40.9
CINCINNATI                 ,OH,23,26,34,43.7,53.2,62,66.1,64.8,57,45.5,36.2,26.6,44.9
CLEVELAND                  ,OH,21.7,23.6,30.2,40.4,50.1,59.8,64.3,63.1,56,45.4,36.9,26.4,43.3
COLUMBUS                   ,OH,22.6,25,32.7,42.6,52.2,61.5,65.5,64.1,56.5,45,36.1,26.8,44.3
DAYTON                     ,OH,20.3,23.1,31.2,41.4,51.4,60.9,64.5,62.7,54.9,44,34.6,24.3,42.8
MANSFIELD                  ,OH,18.3,20.5,28,38.2,48.1,57.3,61.3,60,52.6,41.9,33.1,22.8,40.3
TOLEDO                     ,OH,18.4,20.6,28.3,38.7,48.5,58.3,62.4,60.9,52.8,41.8,33.2,23.1,40.7
YOUNGSTOWN                 ,OH,19,20.7,27.7,38,46.7,55.4,59.7,58.3,51.4,41.5,33.9,24,39.8
OKLAHOMA CITY              ,OK,28.8,32.8,41,49.7,59.6,67.8,72.2,71.3,63.2,51.6,40,30.6,50.8
TULSA                      ,OK,27.5,31.3,40.1,49.3,59.1,67.7,72.7,71.3,62.1,50.6,39.6,29.6,50.2
ASTORIA                    ,OR,37.7,37.2,38.9,41,45.6,50,53.1,53.1,49.4,44.2,40.1,36.6,43.9
BURNS                      ,OR,14.8,18.2,25.4,29.2,36.4,41.8,47.4,44.9,36.3,27.5,21.5,14,29.8
EUGENE                     ,OR,34.2,34.8,37.1,39.5,43.5,47.6,51.4,51.1,47,41.2,37.6,33.8,41.6
MEDFORD                    ,OR,32.8,34.1,37.1,40.8,46.2,52,57.4,56.8,50,42,36.4,32.7,43.2
PENDLETON                  ,OR,28.8,30.3,35,39.2,45.6,51.5,57.2,56.8,49.4,40.1,33.4,27,41.3
PORTLAND                   ,OR,35.8,36.3,39.6,43.1,48.6,53.6,57.8,58,53.1,46,40.5,35.2,45.7
SALEM                      ,OR,34.7,34.6,37.2,39.6,44.7,49.3,53.1,52.8,48.4,42.3,38.4,34,42.5
SEXTON SUMMIT              ,OR,33.1,33,32.9,35.4,40.4,45.7,52.2,53.3,50,43,35.8,32.6,40.7
ALLENTOWN                  ,PA,19.5,21.7,28.8,38.5,48.3,58.1,62.7,60.9,52.9,41.3,32.9,24,40.9
ERIE                       ,PA,20.8,21.1,27.5,38.1,48.2,58.4,63.5,62.5,55.8,45.3,36.6,26.6,42.1
HARRISBURG                 ,PA,23,24.8,31.8,41.6,51,60.6,65.4,63.8,55.9,44,35.7,27,43.8
MIDDLETOWN/HARRISBURG      ,PA,22.8,25.1,33,41.9,52.1,62,66.3,64.5,56.2,44.6,35.1,26.6,44.3
PHILADELPHIA               ,PA,25.6,27.7,34.4,44.1,54,63.8,69.2,67.9,60.3,48.4,39.2,30.1,47.2
PITTSBURGH                 ,PA,21.1,23,30,40.2,49.3,58.4,62.8,61.5,54,42.9,34.7,25.3,42
AVOCA                      ,PA,18.5,20.7,27.6,38.2,47.6,56.5,60.9,59.5,52.1,41.1,33.3,23.8,40.1
WILLIAMSPORT               ,PA,19.3,21.4,28.6,38.9,47.9,57.6,61.9,60.7,53.1,41.5,33.3,24.3,40.8
PROVIDENCE                 ,RI,21,23.6,30,39.6,48.6,58.4,64.2,63.2,55.3,43.9,35.7,26.3,42.6
CHARLESTON                 ,SC,42.8,45.5,51.6,58.8,67.1,74,76.9,76.1,71.8,62.5,53.6,45.6,60.6
COLUMBIA                   ,SC,33.7,36.8,43,50.4,59.5,68.2,71.6,71,64.2,52.1,42.3,35.3,52.4
GREENVILLE-SPARTANBURG     ,SC,32,34.9,41.2,48.3,57.2,65.8,69.4,68.7,61.8,50.4,41.3,34,50.5
ABERDEEN                   ,SD,1.5,7.2,19.8,31.8,44.1,53.7,59,56.2,45.7,32.7,18.9,5.9,31.5
HURON                      ,SD,6.6,11.4,22.6,34,46,55.9,61.4,59.2,48.8,35.4,22.2,9.5,34.5
RAPID CITY                 ,SD,12.9,15.1,22.9,31.8,42.1,51.2,58.1,56.6,46,34.1,22.1,13,33.9
SIOUX FALLS                ,SD,6.9,11.7,22.7,34.4,46.2,56.4,61.9,59.6,49.3,36.1,22.7,9.8,34.9
BRISTOL-JHNSN CTY-KNGSPRT  ,TN,25,28.1,34.4,42.4,51.1,60,63.8,62.5,55.1,43.4,34.6,27.6,44.1
CHATTANOOGA                ,TN,30.7,34,40.7,48.3,57.3,65.8,69.7,69.2,61.8,49.9,40.2,33.1,50.1
KNOXVILLE                  ,TN,29.2,32.4,39.2,47.3,56.2,64.7,68.7,67.8,60.4,48.5,39,31.7,48.8
MEMPHIS                    ,TN,32.6,36.3,44.1,52.9,62.2,70.3,73.8,72.7,65.2,53.8,43.7,35.1,53.6
NASHVILLE                  ,TN,28.4,31.6,39,47.5,56.8,65.4,69.5,68.4,60.7,48.9,39.4,31.3,49
OAK RIDGE                  ,TN,27.9,30.9,37.4,45.4,54.7,63.3,67.4,66.6,59.4,47.2,37.2,30.3,47.4
ABILENE                    ,TX,33,36.7,44.1,51.9,61.4,68.5,72,71.6,64.2,54.3,43,33.7,52.9
AMARILLO                   ,TX,23.4,26.4,33.3,41.6,51.8,61,65.2,64.2,56.4,44.7,32.5,24,43.8
AUSTIN                     ,TX,41.5,44.8,51.3,58.6,66.7,72.3,74.4,74.6,69.4,60.6,50.6,42.3,59
BROWNSVILLE                ,TX,51.6,54.7,59.6,65.9,72.3,75.7,76.3,76.2,73.1,66.9,59.6,52.7,65.4
CORPUS CHRISTI             ,TX,47.2,50.5,56.3,63,70,73.9,74.8,75,72,64.8,56.2,48.6,62.7
DALLAS                     ,TX,37.3,41.1,48.5,56.2,65.4,72.8,76.7,76.8,69,58.2,47.6,38.5,57.4
DEL RIO                    ,TX,40.6,45,52.1,59.6,67.9,73.4,75.2,75.3,69.8,61,49.6,40.8,59.2
EL PASO                    ,TX,32.5,37.1,42.9,50.7,60,68,70.9,69.7,63.3,52,40.1,32.5,51.7
GALVESTON                  ,TX,48.6,50.9,56.6,64.4,72.3,77.5,79.4,79.7,75.9,68.1,58.6,50.7,65.3
HOUSTON                    ,TX,43.2,46.5,52.5,59.4,67.6,73.3,75.1,74.8,69.8,60.9,52.1,44.6,60
LUBBOCK                    ,TX,26.4,30.1,37,45.7,55.9,64.2,67.7,66.6,58.8,47.9,35.9,27.1,47
MIDLAND-ODESSA             ,TX,30.3,34.5,41,49.3,59.5,67.3,69.7,68.8,62,51.8,39.2,30.8,50.4
PORT ARTHUR                ,TX,43.2,46.5,52.2,59,67,72.7,74.2,74,69.7,60.5,51.8,44.8,59.7
SAN ANGELO                 ,TX,33.3,37,44.4,51.9,61.8,68.8,71.2,70.7,63.5,53.6,42.3,33.6,52.8
SAN ANTONIO                ,TX,40.7,44.2,50.8,58.1,66.8,72.6,74.6,74.7,69.1,60.1,50.1,41.7,58.7
VICTORIA                   ,TX,43.1,46.4,52.5,59.3,67.3,72.4,74,73.7,69.2,60.9,51.8,44.3,59.6
WACO                       ,TX,36.1,39.8,47.1,54.6,63.8,70.8,74.1,73.8,66.4,56.6,46.5,37.5,55.7
WICHITA FALLS              ,TX,29.8,33.5,41.2,49.4,59.6,67.6,71.9,71.4,63.3,52,40.3,30.8,51
SALT LAKE CITY             ,UT,21.6,25.2,33.6,39.5,47.8,56.4,64.7,63.4,53,41.3,30.6,22.6,41.7
BURLINGTON                 ,VT,10.2,12.5,22,34.8,45.4,55.3,60.3,58.5,50.7,39.1,30.9,18.5,36.6
LYNCHBURG                  ,VA,24.8,27.2,33.8,42.6,50.9,60.1,64,63,55.7,44,35.1,27.3,44.1
NORFOLK                    ,VA,32.7,34.4,40.5,48.9,57.9,67.1,71.9,70.7,65.3,54,44.6,36.1,52.1
RICHMOND                   ,VA,28.3,30.5,37.1,46.1,55,64.5,68.9,67.4,60.1,48.3,39.4,31.4,48.1
ROANOKE                    ,VA,27.5,29.8,36.7,45.3,53.4,62.3,66.3,65,57.6,46.5,37.7,30.1,46.6
WALLOPS ISLAND             ,VA,28.3,30.4,36.3,44.9,54,64,69.1,67.7,61.4,50.2,40.8,32.1,48.4
OLYMPIA                    ,WA,33.7,32.8,35.1,37.7,43.1,47.6,50.8,50.5,46,40.5,36.4,32.6,40.6
QUILLAYUTE                 ,WA,36,35.2,36.8,38.6,43.1,47.5,50.5,50.5,46.9,41.8,38.1,34.7,41.7
SEATTLE                    ,WA,36.9,36.9,39.3,42.2,47.3,51.9,55.6,55.9,52.1,45.8,40,35.6,45
SPOKANE                    ,WA,24.7,26.4,31.6,36.8,43.8,50.4,56.3,55.8,47.4,37.2,29.8,22.5,38.6
WALLA WALLA                ,WA,30.1,32.2,37.4,42,48.3,54.2,60.9,60.4,52.6,43.1,35.2,28.4,43.8
YAKIMA                     ,WA,23.3,25.9,30.1,34.4,41.9,48.3,53.3,51.8,43.5,34.1,26.8,21.3,36.3
BECKLEY                    ,WV,22.8,25.7,32.3,41.4,49.4,57.8,61.4,60.3,53.4,43.1,34.8,26.2,42.5
CHARLESTON                 ,WV,26.3,28.7,35.4,44.5,52.7,61.6,65.7,64.5,56.9,45.4,36.9,29.2,45.7
ELKINS                     ,WV,19.4,21.5,28,36.6,45.5,54.6,59,58,50.7,38.4,30.5,22.7,38.8
HUNTINGTON                 ,WV,25.3,28,35.3,44.5,52.7,61.4,65.4,64.2,56.4,45.1,36.8,28.6,45.4
GREEN BAY                  ,WI,9,12.4,22.4,33.8,44,54.1,58.4,56.9,48.5,37.7,26.9,14.4,35
LA CROSSE                  ,WI,8.9,13.6,25.2,37.9,48.7,58.5,63.2,61.3,52.4,40.4,28.1,14.2,37.8
MADISON                    ,WI,11.1,15.1,24.8,35.8,46.1,56.1,61,59,50.2,38.8,28.2,15.9,36.9
MILWAUKEE                  ,WI,15.6,19.3,27.7,37.3,46.5,57.1,63.5,63,54.9,43.2,32,20.1,40.1
CASPER                     ,WY,14.3,15.7,22.4,28.6,37.2,45.7,53,51.5,41.4,31,21.6,13.5,31.4
CHEYENNE                   ,WY,18,18.6,24.4,30.8,40.2,48.9,55.5,54.1,44.7,33.9,24.2,17.3,34.3
LANDER                     ,WY,10.2,13.9,23.6,31.3,40.1,48.4,55.6,54.3,44.4,32.7,19.7,9.6,32.1
SHERIDAN                   ,WY,11.4,14.2,22,29.8,38.2,46.4,53,51.6,41.6,30.9,19.4,10.6,30.9
GUAM                       ,PC,75.5,75,75.6,76.5,77.2,77.4,76.6,76.3,76.2,76.5,77.2,76.8,76.4
KOROR                      ,PC,76.3,76.1,76.3,76.9,77,76.4,76.4,77,77,77.1,77,76.7,76.7
KWAJALEIN- MARSHALL IS.    ,PC,78,78,78.2,78.5,78.7,78.4,78.1,78.1,78.1,78.3,78.2,78.3,78.2
MAJURO- MARSHALL IS        ,PC,77.8,77.9,78,78.1,78.3,77.9,77.8,77.9,77.9,77.8,77.9,77.7,77.9
PAGO PAGO- AMER SAMOA      ,PC,77.3,77.5,77.5,77.3,77.3,76.9,76.3,76.3,76.7,76.9,77.3,77.3,77
POHNPEI- CAROLINE IS.      ,PC,74.5,74.7,74.7,74.5,74.4,74,73,72.7,72.4,72.4,73,74,73.7
CHUUK- E. CAROLINE IS.     ,PC,76.9,76.9,77.2,77.2,77.3,76.8,76.4,76.1,76.3,76.2,76.8,77.1,76.8
YAP- W CAROLINE IS.        ,PC,77.5,77.3,77.5,78.2,78.7,77.9,77.6,77.5,77.5,77.6,77.8,78,77.8
SAN JUAN                   ,PR,72,72,72.9,74.4,76.3,77.7,78.1,78.2,77.8,76.9,75.2,73.4,75.4
